{"stat.beaconInteraction":355,"stat.useItem.minecraft.bow":42,"stat.useItem.minecraft.quartz_block":101371,"stat.useItem.minecraft.painting":5472,"stat.pickup.minecraft.wooden_slab":8,"stat.leaveGame":683,"stat.pickup.minecraft.jungle_fence":1,"stat.useItem.minecraft.glowstone":2472,"stat.pickup.minecraft.leaves2":1,"stat.useItem.minecraft.diamond_hoe":2952,"stat.useItem.minecraft.sandstone_stairs":7470,"stat.useItem.minecraft.activator_rail":4,"stat.useItem.minecraft.vine":755,"stat.pickup.minecraft.bucket":12,"stat.useItem.minecraft.rail":3,"stat.useItem.minecraft.anvil":538,"stat.killEntity.Villager":41,"stat.pickup.minecraft.stained_hardened_clay":8,"stat.useItem.minecraft.iron_shovel":22,"stat.pickup.minecraft.double_plant":9,"stat.useItem.minecraft.hardened_clay":861,"stat.furnaceInteraction":46,"stat.useItem.minecraft.pumpkin_seeds":8,"stat.drop.minecraft.red_flower":1,"stat.craftItem.minecraft.leather_helmet":5,"stat.pickup.minecraft.sponge":1,"stat.useItem.minecraft.end_stone":5,"stat.useItem.minecraft.double_plant":5088,"stat.pickup.minecraft.prismarine":1,"stat.drop.minecraft.cactus":1,"stat.useItem.minecraft.red_sandstone":3508,"stat.pickup.minecraft.cauldron":2,"stat.useItem.minecraft.trapdoor":3471,"stat.useItem.minecraft.blue_shulker_box":1,"stat.useItem.minecraft.stained_glass":8746,"stat.pickup.minecraft.cyan_shulker_box":1,"stat.useItem.minecraft.fence":2756,"stat.useItem.minecraft.dark_oak_door":535,"stat.pickup.minecraft.potion":2,"stat.useItem.minecraft.cauldron":915,"stat.useItem.minecraft.flint_and_steel":319,"stat.useItem.minecraft.wheat_seeds":954,"stat.useItem.minecraft.wooden_button":20,"stat.useItem.minecraft.lingering_potion":223,"stat.useItem.minecraft.dye":10988,"stat.pickup.minecraft.lever":4,"stat.pickup.minecraft.egg":1,"stat.pickup.minecraft.clock":1,"stat.pickup.minecraft.glass_pane":49,"stat.pickup.minecraft.item_frame":518,"stat.pickup.minecraft.sea_lantern":2,"stat.drop.minecraft.torch":10,"stat.useItem.minecraft.jukebox":6,"stat.mineBlock.minecraft.tallgrass":1,"stat.chestOpened":48,"stat.useItem.minecraft.splash_potion":478,"stat.useItem.minecraft.stone":96288,"stat.useItem.minecraft.jungle_fence":65,"stat.useItem.minecraft.ender_chest":2,"stat.pickup.minecraft.lapis_ore":1,"stat.useItem.minecraft.white_shulker_box":15,"stat.drop.minecraft.banner":1,"stat.crouchOneCm":723843,"stat.pickup.minecraft.painting":29,"stat.craftingTableInteraction":12,"stat.pickup.minecraft.repeater":1,"stat.drop.minecraft.double_plant":2,"stat.useItem.minecraft.dark_oak_fence":969,"stat.useItem.minecraft.reeds":349,"stat.pickup.minecraft.dye":85,"stat.pickup.minecraft.planks":3,"stat.drop.minecraft.carpet":6,"stat.useItem.minecraft.record_13":1,"stat.flowerPotted":998,"stat.pickup.minecraft.brewing_stand":1,"stat.useItem.minecraft.cobblestone":764,"stat.craftItem.minecraft.leather_boots":5,"stat.useItem.minecraft.gravel":827,"stat.mineBlock.minecraft.double_plant":2,"stat.useItem.minecraft.golden_hoe":2,"stat.drop.minecraft.coal_ore":1,"stat.drop.minecraft.glass_pane":3,"stat.useItem.minecraft.yellow_flower":71,"stat.drop.minecraft.sapling":1,"stat.pickup.minecraft.chicken":1,"stat.drop.minecraft.blue_shulker_box":1,"stat.useItem.minecraft.tallgrass":2080,"stat.useItem.minecraft.glass_pane":10670,"stat.pickup.minecraft.banner":3,"stat.pickup.minecraft.coal_block":2,"stat.useItem.minecraft.daylight_detector":506,"stat.useItem.minecraft.stonebrick":22565,"stat.useItem.minecraft.wooden_door":92,"stat.useItem.minecraft.monster_egg":5344,"stat.useItem.minecraft.grass_path":19,"stat.useItem.minecraft.spruce_door":429,"stat.pickup.minecraft.iron_door":1,"stat.pickup.minecraft.red_flower":14,"stat.pickup.minecraft.wool":4,"stat.pickup.minecraft.cooked_fish":1,"stat.pickup.minecraft.bookshelf":2,"stat.pickup.minecraft.spruce_fence_gate":2,"stat.drop.minecraft.cyan_shulker_box":1,"stat.useItem.minecraft.beacon":4032,"stat.drop.minecraft.beacon":2,"stat.useItem.minecraft.skull":509,"stat.pickup.minecraft.flower_pot":5,"stat.useItem.minecraft.concrete_powder":716,"stat.pickup.minecraft.glowstone":2,"stat.useItem.minecraft.coal_block":26208,"stat.useItem.minecraft.stone_slab2":568,"stat.useItem.minecraft.egg":14,"stat.pickup.minecraft.coal_ore":1,"stat.drop.minecraft.quartz_stairs":1,"stat.pickup.minecraft.record_chirp":1,"stat.pickup.minecraft.iron_trapdoor":20,"stat.useItem.minecraft.spruce_fence_gate":1,"stat.useItem.minecraft.brick_block":3692,"stat.flyOneCm":182122884,"stat.pickup.minecraft.sandstone":2,"stat.timeSinceDeath":31276099,"stat.cauldronFilled":271,"stat.useItem.minecraft.melon_block":2,"stat.useItem.minecraft.wooden_slab":35672,"stat.useItem.minecraft.iron_door":255,"stat.killEntity.Bat":1,"stat.useItem.minecraft.potato":764,"stat.drop.minecraft.wool":2,"stat.useItem.minecraft.armor_stand":43,"stat.talkedToVillager":46,"stat.useItem.minecraft.silver_shulker_box":23,"stat.killEntity.Squid":1,"stat.sprintOneCm":8148625,"stat.useItem.minecraft.diamond_block":1,"stat.pickup.minecraft.spawn_egg":16,"stat.craftItem.minecraft.leather_chestplate":6,"stat.useItem.minecraft.cake":106,"stat.useItem.minecraft.banner":1652,"stat.useItem.minecraft.ladder":599,"stat.useItem.minecraft.birch_stairs":3089,"stat.diveOneCm":942877,"stat.useItem.minecraft.sticky_piston":16,"stat.pickup.minecraft.sign":2,"stat.drop.minecraft.bookshelf":2,"stat.pickup.minecraft.stained_glass_pane":151,"stat.useItem.minecraft.heavy_weighted_pressure_plate":177,"stat.drop.minecraft.sandstone":1,"stat.jump":56197,"stat.useItem.minecraft.iron_trapdoor":3240,"stat.useItem.minecraft.sand":385,"stat.pickup.minecraft.dirt":6,"stat.useItem.minecraft.light_weighted_pressure_plate":2,"stat.drop.minecraft.glowstone":1,"stat.useItem.minecraft.glass":19766,"stat.useItem.minecraft.dispenser":21,"stat.useItem.minecraft.sapling":1774,"stat.brewingstandInteraction":10,"stat.useItem.minecraft.stone_brick_stairs":4928,"stat.mineBlock.minecraft.red_flower":2,"stat.useItem.minecraft.acacia_door":486,"stat.noteblockTuned":708,"stat.useItem.minecraft.slime":31,"stat.cauldronUsed":2,"stat.pickup.minecraft.concrete":3,"stat.useItem.minecraft.birch_fence":1090,"stat.pickup.minecraft.quartz_block":20,"stat.useItem.minecraft.snow_layer":468,"stat.useItem.minecraft.chest":193,"stat.drop.minecraft.item_frame":1,"stat.useItem.minecraft.pumpkin":2,"stat.useItem.minecraft.tnt":601,"stat.useItem.minecraft.lava_bucket":11,"stat.drop.minecraft.netherrack":1,"stat.useItem.minecraft.item_frame":4803,"stat.useItem.minecraft.birch_fence_gate":2,"stat.shulkerBoxOpened":12,"stat.useItem.minecraft.stained_hardened_clay":111555,"stat.drop.minecraft.wooden_slab":2,"stat.pickup.minecraft.ladder":2,"stat.useItem.minecraft.concrete":37931,"stat.useItem.minecraft.netherrack":196,"stat.useItem.minecraft.tripwire_hook":7,"stat.drop.minecraft.lever":2,"stat.pickup.minecraft.dark_oak_stairs":1,"stat.mobKills":53,"stat.useItem.minecraft.mossy_cobblestone":67,"stat.useItem.minecraft.cobblestone_wall":20,"stat.pickup.minecraft.torch":13,"stat.drop.minecraft.quartz_block":2,"stat.useItem.minecraft.record_stal":1,"stat.useItem.minecraft.string":88,"stat.useItem.minecraft.end_bricks":45,"stat.pickup.minecraft.deadbush":1,"stat.useItem.minecraft.bookshelf":3488,"stat.pickup.minecraft.record_stal":1,"stat.killEntity.Ozelot":1,"stat.drop.minecraft.skull":1,"stat.useItem.minecraft.planks":90968,"stat.useItem.minecraft.nether_brick_stairs":1637,"stat.useItem.minecraft.fire_charge":2,"stat.pickup.minecraft.glass":4,"stat.useItem.minecraft.red_sandstone_stairs":605,"stat.useItem.minecraft.water_bucket":7506,"stat.pickup.minecraft.hardened_clay":1,"stat.useItem.minecraft.red_nether_brick":1,"stat.aviateOneCm":2672977,"stat.drop.minecraft.jukebox":1,"stat.useItem.minecraft.ender_pearl":2,"stat.useItem.minecraft.fence_gate":7,"stat.hopperInspected":3,"stat.useItem.minecraft.spawn_egg":101,"stat.trappedChestTriggered":8,"stat.useItem.minecraft.oak_stairs":2961,"stat.useItem.minecraft.dark_oak_stairs":4691,"stat.pickup.minecraft.wooden_button":1,"stat.drop.minecraft.stone_slab":4,"stat.useItem.minecraft.minecart":1,"stat.useItem.minecraft.redstone":383,"stat.drop.minecraft.stained_hardened_clay":3,"stat.useItem.minecraft.stone_stairs":71,"stat.pickup.minecraft.skull":14,"stat.useItem.minecraft.hopper":4,"stat.playOneMinute":31276099,"stat.pickup.minecraft.birch_door":1,"stat.useItem.minecraft.jungle_stairs":814,"stat.pickup.minecraft.beacon":5,"stat.pickup.minecraft.iron_bars":5,"stat.useItem.minecraft.gray_glazed_terracotta":72,"stat.pickup.minecraft.netherrack":1,"stat.recordPlayed":3,"stat.useItem.minecraft.sponge":876,"stat.useItem.minecraft.experience_bottle":667,"stat.fallOneCm":211,"stat.drop.minecraft.stone":2,"stat.drop.minecraft.dye":1,"stat.useItem.minecraft.trapped_chest":49,"stat.craftItem.minecraft.banner":25,"stat.useItem.minecraft.nether_brick_fence":87,"stat.useItem.minecraft.black_shulker_box":2,"stat.drop.minecraft.stained_glass_pane":1,"stat.pickup.minecraft.heavy_weighted_pressure_plate":1,"stat.useItem.minecraft.golden_rail":3,"stat.pickup.minecraft.feather":2,"stat.useItem.minecraft.furnace":453,"stat.pickup.minecraft.monster_egg":3,"stat.drop.minecraft.concrete":2,"stat.useItem.minecraft.record_chirp":1,"stat.useItem.minecraft.wool":25637,"stat.useItem.minecraft.iron_bars":7726,"stat.pickup.minecraft.record_13":1,"stat.useItem.minecraft.bone_block":423,"stat.useItem.minecraft.torch":709,"stat.useItem.minecraft.log":4164,"stat.useItem.minecraft.comparator":14,"stat.drop.minecraft.tallgrass":2,"stat.useItem.minecraft.nether_wart_block":1,"stat.drop.minecraft.sign":1,"stat.pickup.minecraft.compass":2,"stat.useItem.minecraft.brown_glazed_terracotta":12,"stat.pickup.minecraft.tallgrass":4,"stat.drop.minecraft.planks":1,"stat.pickup.minecraft.sapling":4,"stat.useItem.minecraft.deadbush":57,"stat.useItem.minecraft.birch_door":1836,"stat.useItem.minecraft.jungle_door":124,"stat.useItem.minecraft.wooden_pressure_plate":105,"stat.drop.minecraft.birch_door":1,"stat.useItem.minecraft.beetroot_seeds":8,"stat.sneakTime":504523,"stat.useItem.minecraft.brewing_stand":57,"stat.pickup.minecraft.stone_slab":10,"stat.pickup.minecraft.chest":1,"stat.useItem.minecraft.web":5,"stat.useItem.minecraft.brick_stairs":191,"stat.craftItem.minecraft.leather_leggings":6,"stat.useItem.minecraft.lapis_block":249,"stat.pickup.minecraft.lit_pumpkin":1,"stat.useItem.minecraft.repeater":71,"stat.useItem.minecraft.log2":249,"stat.useItem.minecraft.silver_glazed_terracotta":5,"stat.swimOneCm":621311,"stat.climbOneCm":64614,"stat.useItem.minecraft.end_rod":1678,"stat.enderchestOpened":5,"stat.useItem.minecraft.redstone_torch":185,"stat.useItem.minecraft.dirt":44491,"stat.useItem.minecraft.red_flower":2425,"stat.useItem.minecraft.leaves2":221,"stat.pickup.minecraft.anvil":3,"stat.drop.minecraft.iron_trapdoor":3,"stat.useItem.minecraft.detector_rail":410,"stat.pickup.minecraft.quartz_stairs":2,"stat.pickup.minecraft.cactus":2,"stat.useItem.minecraft.sign":1163,"stat.useItem.minecraft.noteblock":111,"stat.useItem.minecraft.lever":1511,"stat.pickup.minecraft.dark_oak_door":1,"stat.pickup.minecraft.stonebrick":2,"stat.pickup.minecraft.redstone_lamp":1,"stat.drop.minecraft.dirt":1,"stat.pickup.minecraft.carpet":138,"stat.pickup.minecraft.trapdoor":3,"stat.useItem.minecraft.acacia_stairs":230,"stat.pickup.minecraft.chorus_plant":1,"stat.useItem.minecraft.purpur_pillar":18,"stat.useItem.minecraft.sea_lantern":8277,"stat.useItem.minecraft.spruce_fence":752,"stat.useItem.minecraft.stone_slab":117660,"stat.useItem.minecraft.bed":149,"stat.pickup.minecraft.grass":1,"stat.useItem.minecraft.magenta_glazed_terracotta":10,"stat.useItem.minecraft.stone_pressure_plate":342,"stat.useItem.minecraft.carrot":1040,"stat.useItem.minecraft.ender_eye":16,"stat.useItem.minecraft.bucket":56,"stat.pickup.minecraft.blue_shulker_box":1,"stat.drop":82,"stat.pickup.minecraft.stone_button":1,"stat.pickup.minecraft.jukebox":1,"stat.killEntity.Sheep":3,"stat.useItem.minecraft.purpur_block":20,"stat.useItem.minecraft.melon_seeds":2,"stat.useItem.minecraft.light_blue_glazed_terracotta":58,"stat.useItem.minecraft.quartz_stairs":34116,"stat.pickup.minecraft.gravel":1,"stat.useItem.minecraft.waterlily":46,"stat.useItem.minecraft.carpet":14830,"stat.useItem.minecraft.potion":1656,"stat.useItem.minecraft.stained_glass_pane":11905,"stat.pickup.minecraft.stone_brick_stairs":2,"stat.useItem.minecraft.flower_pot":1146,"stat.pickup.minecraft.fence":2,"stat.useItem.minecraft.piston":99,"stat.useItem.minecraft.stone_button":291,"stat.drop.minecraft.glass":1,"stat.pickup.minecraft.iron_ore":1,"stat.useItem.minecraft.redstone_lamp":148,"stat.pickup.minecraft.leaves":2,"stat.dispenserInspected":43,"stat.pickup.minecraft.dark_oak_fence":2,"stat.pickup.minecraft.end_crystal":1,"stat.drop.minecraft.water_bucket":2,"stat.useItem.minecraft.end_portal_frame":39,"stat.useItem.minecraft.magma":10,"stat.pickup.minecraft.stained_glass":5,"stat.damageDealt":595,"stat.sleepInBed":2,"stat.useItem.minecraft.crafting_table":8,"stat.killEntity.Pig":4,"stat.useItem.minecraft.cyan_glazed_terracotta":4,"stat.drop.minecraft.painting":1,"stat.walkOneCm":73760357,"stat.useItem.minecraft.redstone_block":193,"stat.useItem.minecraft.spruce_stairs":8315,"stat.pickup.minecraft.stone":3,"stat.mineBlock.minecraft.wool":1,"stat.useItem.minecraft.leaves":9729,"stat.useItem.minecraft.cactus":20,"stat.useItem.minecraft.prismarine":293,"stat.killEntity.Chicken":2,"stat.useItem.minecraft.iron_block":6467,"stat.pickup.minecraft.concrete_powder":4,"stat.pickup.minecraft.water_bucket":3,"stat.pickup.minecraft.spruce_stairs":2,"stat.useItem.minecraft.sandstone":64722}