{"stats":{"minecraft:used":{"securitycraft:ims":1,"securitycraft:mine":27,"securitycraft:camera_monitor":2,"minecraft:diorite":10,"minecraft:cow_spawn_egg":1,"securitycraft:door_indestructible_iron_item":2,"securitycraft:dirt_mine":24,"thuttech:controller":7,"securitycraft:panic_button":1,"securitycraft:alarm":1,"securitycraft:bouncing_betty":1,"securitycraft:keypad_door_item":1,"securitycraft:security_camera":3,"chronokillers_car_and_trucks:maxcar_spawn_egg":2,"securitycraft:claymore":2,"minecraft:polished_diorite":63,"securitycraft:scanner_door_item":1},"minecraft:picked_up":{"minecraft:dirt":71},"minecraft:custom":{"minecraft:time_since_rest":34010,"minecraft:play_one_minute":34010,"minecraft:crouch_one_cm":67,"minecraft:sprint_one_cm":2006,"minecraft:walk_one_cm":43892,"minecraft:sneak_time":294,"minecraft:jump":37,"minecraft:leave_game":3,"minecraft:time_since_death":34010,"minecraft:fly_one_cm":46349}},"DataVersion":2586}