{"stat.chestOpened":1,"stat.flyOneCm":469050,"stat.walkOneCm":34831,"stat.useItem.minecraft.cobblestone_wall":9,"stat.drop":2,"stat.boatOneCm":144879,"stat.jump":35,"stat.pickup.minecraft.egg":2,"stat.swimOneCm":234,"stat.playOneMinute":24891,"stat.climbOneCm":1507,"stat.leaveGame":1,"stat.sneakTime":729,"stat.pickup.minecraft.waterlily":9,"stat.crouchOneCm":320,"stat.useItem.minecraft.waterlily":15,"stat.timeSinceDeath":24891,"stat.drop.minecraft.egg":2,"stat.sprintOneCm":3788,"stat.diveOneCm":1438}