{
  "minecraft:recipes/building_blocks/polished_andesite": {
    "criteria": {
      "has_stone": "2023-09-01 10:05:39 +0000"
    },
    "done": true
  },
  "cfm:root": {
    "criteria": {
      "tick": "2023-09-01 10:04:18 +0000"
    },
    "done": true
  },
  "cfm:install": {
    "criteria": {
      "tick": "2023-09-01 10:04:18 +0000"
    },
    "done": true
  },
  "minecraft:adventure/adventuring_time": {
    "criteria": {
      "forest": "2023-09-01 10:04:11 +0000"
    },
    "done": false
  }
}