{"stat.chestOpened":1,"stat.killEntity.techguns.SkeletonSoldier":4,"stat.walkOneCm":172342,"stat.pickup.minecraft.spruce_door":2,"stat.pickup.minecraft.sign":2,"stat.pickup.techguns.m4":1,"stat.useItem.techguns.chainsaw":4,"stat.drop.techguns.chainsaw":1,"stat.leaveGame":2,"stat.pickup.minecraft.arrow":1,"stat.useItem.chiselsandbits.block_bit":67,"stat.killEntity.ZombieVillager":1,"stat.pickup.techguns.chainsaw":1,"stat.pickup.techguns.lamp0":1,"stat.swimOneCm":221,"stat.jump":136,"stat.fallOneCm":476,"stat.killEntity.techguns.ZombieSoldier":3,"stat.useItem.techguns.combatknife":6,"stat.crouchOneCm":3144,"stat.mineBlock.minecraft.stained_hardened_clay":1,"stat.sprintOneCm":10441,"stat.useItem.minecraft.stone_slab2":23,"stat.pickup.minecraft.apple":1,"stat.pickup.minecraft.ladder":1,"stat.pickup.minecraft.cooked_beef":1,"stat.killEntity.Skeleton":3,"stat.dropperInspected":1,"stat.pickup.techguns.as50":1,"stat.killEntity.Chicken":2,"stat.mineBlock.minecraft.glass_pane":6,"stat.damageTaken":80,"stat.pickup.minecraft.leather":3,"stat.killEntity.techguns.ZombieMiner":7,"stat.killEntity.Enderman":2,"stat.pickup.minecraft.birch_boat":1,"stat.mobKills":45,"stat.noteblockTuned":6,"stat.mineBlock.minecraft.log":1,"stat.pickup.minecraft.planks":2,"stat.flyOneCm":99826,"stat.pickup.minecraft.bed":1,"stat.mineBlock.minecraft.planks":1,"stat.pickup.minecraft.wheat_seeds":2,"stat.drop":3,"stat.pickup.minecraft.egg":4,"stat.mineBlock.minecraft.leaves":1,"stat.playOneMinute":89330,"stat.drop.techguns.m4":1,"stat.sneakTime":1216,"stat.killEntity.techguns.ZombieFarmer":8,"stat.damageDealt":30,"stat.pickup.minecraft.redstone":5,"stat.killEntity.Zombie":5,"stat.timeSinceDeath":89330,"stat.killEntity.Cow":4,"stat.useItem.minecraft.spawn_egg":1,"stat.killEntity.Pig":6,"stat.drop.techguns.as50":1,"stat.pickup.minecraft.wheat":1}