{"stat.useItem.minecraft.string":2,"stat.useItem.minecraft.bow":8,"stat.useItem.minecraft.end_bricks":115,"stat.useItem.minecraft.painting":168,"stat.useItem.minecraft.quartz_block":694,"stat.leaveGame":39,"stat.useItem.minecraft.bookshelf":71,"stat.useItem.minecraft.planks":10024,"stat.useItem.minecraft.golden_shovel":1888,"stat.useItem.minecraft.nether_brick_stairs":154,"stat.pickup.minecraft.porkchop":1,"stat.useItem.minecraft.water_bucket":1597,"stat.useItem.minecraft.diamond_hoe":1757,"stat.useItem.minecraft.sandstone_stairs":10,"stat.useItem.minecraft.activator_rail":3,"stat.useItem.minecraft.vine":43,"stat.useItem.minecraft.birch_boat":6,"stat.useItem.minecraft.rail":134,"stat.useItem.minecraft.anvil":52,"stat.pickup.minecraft.brown_mushroom":384,"stat.useItem.minecraft.fence_gate":66,"stat.useItem.minecraft.spawn_egg":61,"stat.pickup.minecraft.double_plant":30,"stat.drop.minecraft.rail":1,"stat.useItem.minecraft.oak_stairs":2005,"stat.furnaceInteraction":3,"stat.useItem.minecraft.pumpkin_seeds":21,"stat.drop.minecraft.spruce_door":2,"stat.useItem.minecraft.dark_oak_stairs":442,"stat.drop.minecraft.stone_slab":1,"stat.useItem.minecraft.double_plant":145,"stat.pickup.minecraft.beef":2,"stat.useItem.minecraft.trapdoor":749,"stat.useItem.minecraft.stained_glass":181,"stat.useItem.minecraft.fence":1702,"stat.useItem.minecraft.stone_stairs":306,"stat.pickup.minecraft.acacia_door":64,"stat.useItem.minecraft.dark_oak_door":61,"stat.useItem.minecraft.acacia_fence":4,"stat.useItem.minecraft.cauldron":21,"stat.useItem.minecraft.flint_and_steel":1,"stat.useItem.minecraft.wheat_seeds":1758,"stat.useItem.minecraft.wooden_button":10,"stat.useItem.minecraft.hopper":10,"stat.useItem.minecraft.dye":4961,"stat.pickup.minecraft.lever":3,"stat.pickup.minecraft.egg":7,"stat.playOneMinute":4468156,"stat.useItem.minecraft.jungle_stairs":66,"stat.pickup.minecraft.glass_pane":1,"stat.pickup.minecraft.item_frame":8,"stat.useItem.minecraft.jukebox":17,"stat.mineBlock.minecraft.tallgrass":416,"stat.fishCaught":1,"stat.chestOpened":32,"stat.useItem.minecraft.stone":4049,"stat.useItem.minecraft.jungle_fence":224,"stat.pickup.minecraft.waterlily":6,"stat.useItem.minecraft.acacia_fence_gate":2,"stat.drop.minecraft.stone":3,"stat.useItem.minecraft.trapped_chest":4,"stat.crouchOneCm":106178,"stat.pickup.minecraft.rail":1,"stat.craftItem.minecraft.banner":98,"stat.useItem.minecraft.black_shulker_box":3,"stat.useItem.minecraft.nether_brick_fence":3,"stat.pickup.minecraft.painting":1,"stat.pickup.minecraft.red_mushroom":434,"stat.craftingTableInteraction":52,"stat.dropperInspected":3,"stat.pickup.minecraft.feather":4,"stat.useItem.minecraft.dark_oak_fence":9,"stat.useItem.minecraft.furnace":49,"stat.useItem.minecraft.reeds":21,"stat.pickup.minecraft.wheat_seeds":877,"stat.useItem.minecraft.wool":143,"stat.mineBlock.minecraft.dirt":2,"stat.flowerPotted":101,"stat.useItem.minecraft.iron_bars":1054,"stat.useItem.minecraft.torch":96,"stat.useItem.minecraft.log":6028,"stat.useItem.minecraft.cobblestone":1310,"stat.useItem.minecraft.gravel":1890,"stat.mineBlock.minecraft.double_plant":6,"stat.useItem.minecraft.golden_hoe":709,"stat.pickup.minecraft.log":5,"stat.drop.minecraft.sign":1,"stat.drop.minecraft.glass_pane":1,"stat.drop.minecraft.stonebrick":1,"stat.pickup.minecraft.chicken":3,"stat.pickup.minecraft.sapling":17,"stat.pickup.minecraft.apple":2,"stat.useItem.minecraft.glass_pane":834,"stat.pickup.minecraft.banner":2,"stat.useItem.minecraft.birch_door":2,"stat.useItem.minecraft.acacia_boat":2,"stat.useItem.minecraft.jungle_door":13,"stat.useItem.minecraft.daylight_detector":72,"stat.useItem.minecraft.wooden_pressure_plate":24,"stat.drop.minecraft.acacia_door":64,"stat.useItem.minecraft.stonebrick":1497,"stat.useItem.minecraft.stone_hoe":199,"stat.useItem.minecraft.wooden_door":29,"stat.useItem.minecraft.monster_egg":3,"stat.useItem.minecraft.spruce_door":98,"stat.pickup.minecraft.iron_door":2,"stat.useItem.minecraft.beetroot_seeds":156,"stat.pickup.minecraft.red_flower":141,"stat.sneakTime":86604,"stat.useItem.minecraft.brewing_stand":3,"stat.pickup.minecraft.stone_slab":10,"stat.pickup.minecraft.yellow_flower":20,"stat.useItem.minecraft.fishing_rod":4,"stat.useItem.minecraft.web":216,"stat.useItem.minecraft.brick_stairs":134,"stat.useItem.minecraft.log2":429,"stat.mineBlock.minecraft.yellow_flower":1,"stat.useItem.minecraft.skull":3,"stat.mineBlock.minecraft.brown_mushroom":1,"stat.useItem.minecraft.diamond_sword":3,"stat.pickup.minecraft.flower_pot":1,"stat.swimOneCm":59488,"stat.useItem.minecraft.concrete_powder":16,"stat.climbOneCm":27116,"stat.useItem.minecraft.end_rod":230,"stat.useItem.minecraft.coal_block":2,"stat.useItem.minecraft.dirt":4040,"stat.useItem.minecraft.stone_slab2":9,"stat.useItem.minecraft.jungle_boat":6,"stat.useItem.minecraft.red_flower":17,"stat.pickup.minecraft.anvil":2,"stat.useItem.minecraft.spruce_fence_gate":4,"stat.useItem.minecraft.stone_shovel":93,"stat.useItem.minecraft.brick_block":948,"stat.flyOneCm":16977858,"stat.useItem.minecraft.red_mushroom":1,"stat.pickup.minecraft.fish":1,"stat.timeSinceDeath":4468156,"stat.useItem.minecraft.sign":1682,"stat.drop.minecraft.log":1,"stat.cauldronFilled":8,"stat.useItem.minecraft.melon_block":69,"stat.useItem.minecraft.wooden_slab":4262,"stat.useItem.minecraft.iron_door":27,"stat.useItem.minecraft.noteblock":2,"stat.useItem.minecraft.lever":20,"stat.useItem.minecraft.potato":497,"stat.pickup.minecraft.stonebrick":1,"stat.pickup.minecraft.carpet":9,"stat.useItem.minecraft.acacia_stairs":729,"stat.useItem.minecraft.armor_stand":40,"stat.useItem.minecraft.chest_minecart":3,"stat.useItem.minecraft.spruce_fence":385,"stat.useItem.minecraft.dropper":14,"stat.sprintOneCm":1222118,"stat.useItem.minecraft.diamond_shovel":1781,"stat.useItem.minecraft.hay_block":926,"stat.useItem.minecraft.stone_slab":5699,"stat.useItem.minecraft.bed":79,"stat.useItem.minecraft.stone_pressure_plate":415,"stat.useItem.minecraft.carrot":323,"stat.drop":13,"stat.useItem.minecraft.banner":174,"stat.useItem.minecraft.ladder":126,"stat.pickup.minecraft.iron_block":3,"stat.useItem.minecraft.melon_seeds":13,"stat.useItem.minecraft.birch_stairs":86,"stat.diveOneCm":130246,"stat.pickup.minecraft.sign":43,"stat.useItem.minecraft.quartz_stairs":63,"stat.useItem.minecraft.waterlily":328,"stat.useItem.minecraft.carpet":705,"stat.useItem.minecraft.stained_glass_pane":106,"stat.useItem.minecraft.flower_pot":105,"stat.jump":4430,"stat.useItem.minecraft.sand":223,"stat.useItem.minecraft.iron_trapdoor":24,"stat.useItem.minecraft.wooden_hoe":128,"stat.useItem.minecraft.dark_oak_boat":1,"stat.useItem.minecraft.piston":9,"stat.useItem.minecraft.stone_button":215,"stat.pickup.minecraft.dirt":2,"stat.useItem.minecraft.glass":133,"stat.useItem.minecraft.dispenser":5,"stat.boatOneCm":206808,"stat.useItem.minecraft.sapling":547,"stat.useItem.minecraft.redstone_lamp":81,"stat.pickup.minecraft.leather":1,"stat.useItem.minecraft.red_shulker_box":1,"stat.useItem.minecraft.stone_brick_stairs":1098,"stat.mineBlock.minecraft.red_flower":9,"stat.useItem.minecraft.acacia_door":31,"stat.cauldronUsed":1,"stat.pickup.minecraft.concrete":1,"stat.useItem.minecraft.birch_fence":162,"stat.damageDealt":120,"stat.sleepInBed":1,"stat.killEntity.Cow":1,"stat.useItem.minecraft.crafting_table":64,"stat.killEntity.Pig":1,"stat.walkOneCm":4791983,"stat.useItem.minecraft.chest":233,"stat.useItem.minecraft.pumpkin":33,"stat.useItem.minecraft.tnt":53,"stat.useItem.minecraft.spruce_boat":12,"stat.useItem.minecraft.redstone_block":6,"stat.useItem.minecraft.item_frame":511,"stat.useItem.minecraft.birch_fence_gate":1,"stat.useItem.minecraft.spruce_stairs":6835,"stat.pickup.minecraft.stone":2,"stat.useItem.minecraft.stained_hardened_clay":1687,"stat.useItem.minecraft.leaves":1834,"stat.pickup.minecraft.ladder":2,"stat.useItem.minecraft.concrete":781,"stat.useItem.minecraft.tripwire_hook":43,"stat.killEntity.Chicken":4,"stat.useItem.minecraft.iron_block":101,"stat.drop.minecraft.filled_map":1,"stat.mobKills":6,"stat.useItem.minecraft.boat":27,"stat.useItem.minecraft.mossy_cobblestone":170,"stat.useItem.minecraft.cobblestone_wall":1679,"stat.pickup.minecraft.torch":2,"stat.useItem.minecraft.map":2,"stat.useItem.minecraft.sandstone":29}