{
  "minecraft:adventure/root": {
    "criteria": {
      "killed_something": "2023-08-29 07:55:10 +0000"
    },
    "done": true
  },
  "minecraft:adventure/kill_a_mob": {
    "criteria": {
      "skeleton": "2023-08-29 07:56:40 +0000"
    },
    "done": true
  },
  "minecraft:adventure/kill_all_mobs": {
    "criteria": {
      "skeleton": "2023-08-29 07:56:40 +0000"
    },
    "done": false
  },
  "minecraft:adventure/adventuring_time": {
    "criteria": {
      "forest": "2023-08-29 07:44:36 +0000"
    },
    "done": false
  }
}