{"stat.chestOpened":2,"stat.pickup.vehicle.key":1,"stat.pickup.techguns.itemshared":579,"stat.walkOneCm":282726,"stat.craftItem.vehicle.spray_can":3,"stat.leaveGame":2,"stat.pickup.cfm.bath_bottom":1,"stat.killEntity.Slime":35,"stat.useItem.chiselsandbits.block_bit":8,"stat.pickup.minecraft.log":1,"stat.useItem.thuttech.lift":2,"stat.drop.vehicle.key":1,"stat.jump":295,"stat.drop.thuttech.lift":18,"stat.swimOneCm":1552,"stat.useItem.minecraft.redstone":9,"stat.pickup.minecraft.stone":1,"stat.pickup.minecraft.porkchop":3,"stat.crouchOneCm":2195,"stat.pickup.thuttech.devicelinker":1,"stat.pickup.minecraft.nether_star":1,"stat.pickup.mw.makarovpm":1,"stat.sprintOneCm":36311,"stat.useItem.minecraft.stone_slab2":678,"stat.killEntity.bandit1":1,"stat.entityKilledBy.bandit1":4,"stat.craftingTableInteraction":3,"stat.pickup.mw.wcam":3,"stat.useItem.mw.wcam":4,"stat.killEntity.Horse":2,"stat.pickup.thuttech.lift":20,"stat.killEntity.Donkey":1,"stat.useItem.thuttech.devicelinker":63,"stat.pickup.vehicle.wrench":2,"stat.damageTaken":1700,"stat.pickup.techguns.m4_infiltrator":1,"stat.mobKills":53,"stat.drop.props.props":1,"stat.flyOneCm":89121,"stat.deaths":7,"stat.pickup.props.props":2,"stat.pickup.minecraft.iron_door":1,"stat.drop":7,"stat.killEntity.Shulker":1,"stat.playOneMinute":340869,"stat.killEntity.Sheep":4,"stat.entityKilledBy.Slime":2,"stat.sneakTime":6572,"stat.pickup.minecraft.slime_ball":13,"stat.damageDealt":78,"stat.useItem.chiselsandbits.tape_measure":2,"stat.pickup.minecraft.redstone":1,"stat.timeSinceDeath":96144,"stat.killEntity.Cow":2,"stat.useItem.minecraft.spawn_egg":1,"stat.killEntity.Pig":6,"stat.drop.vehicle.wrench":2,"stat.useItem.minecraft.iron_door":1}