{"stat.pickup.minecraft.log":1,"stat.flyOneCm":14467,"stat.useItem.thuttech.lift":2,"stat.deaths":1,"stat.walkOneCm":51670,"stat.pickup.minecraft.iron_door":1,"stat.drop":3,"stat.jump":179,"stat.drop.thuttech.lift":18,"stat.playOneMinute":72319,"stat.pickup.thuttech.lift":20,"stat.useItem.minecraft.redstone":9,"stat.sneakTime":3785,"stat.useItem.thuttech.devicelinker":63,"stat.pickup.minecraft.stone":1,"stat.pickup.minecraft.redstone":1,"stat.crouchOneCm":525,"stat.pickup.thuttech.devicelinker":1,"stat.timeSinceDeath":59333,"stat.useItem.minecraft.stone_slab2":275,"stat.useItem.minecraft.iron_door":1}