{"stat.chestOpened":2,"stat.pickup.mw.ak47":1,"stat.useItem.locks.master_key":12,"stat.leaveGame":3,"stat.pickup.cfm.bath_bottom":1,"stat.killEntity.Slime":43,"stat.useItem.chiselsandbits.block_bit":8,"stat.useItem.chiselsandbits.positiveprint":2,"stat.jump":388,"stat.drop.thuttech.lift":18,"stat.swimOneCm":1552,"stat.drop.cfm.modern_light_off":1,"stat.pickup.minecraft.porkchop":4,"stat.crouchOneCm":2404,"stat.useItem.cfm.tv_remote":54,"stat.drop.cfm.tv_remote":1,"stat.useItem.minecraft.stone_slab2":837,"stat.killEntity.bandit1":1,"stat.useItem.locks.steel_lock":1,"stat.entityKilledBy.bandit1":4,"stat.craftingTableInteraction":3,"stat.pickup.minecraft.rotten_flesh":21,"stat.pickup.mw.wcam":3,"stat.pickup.thuttech.lift":20,"stat.killEntity.Donkey":1,"stat.useItem.secretroomsmod.switch_probe":3,"stat.useItem.thuttech.devicelinker":63,"stat.pickup.vehicle.wrench":2,"stat.damageTaken":1700,"stat.pickup.techguns.m4_infiltrator":1,"stat.killEntity.techguns.ZombieMiner":4,"stat.useItem.locks.wood_lock_pick":2,"stat.useItem.customnpcs.npcwand":1,"stat.flyOneCm":92872,"stat.killEntity.Shulker":1,"stat.pickup.minecraft.potato":1,"stat.killEntity.techguns.ZombieFarmer":8,"stat.damageDealt":91,"stat.pickup.minecraft.redstone":1,"stat.timeSinceDeath":356256,"stat.killEntity.Cow":2,"stat.useItem.minecraft.spawn_egg":8,"stat.killEntity.Pig":9,"stat.useItem.minecraft.iron_door":1,"stat.pickup.vehicle.key":1,"stat.pickup.techguns.itemshared":579,"stat.walkOneCm":389125,"stat.drop.minecraft.paper":1,"stat.craftItem.vehicle.spray_can":3,"stat.drop.mw.ak47":1,"stat.killEntity.Creeper":1,"stat.pickup.minecraft.log":1,"stat.useItem.thuttech.lift":2,"stat.drop.vehicle.key":1,"stat.useItem.minecraft.redstone":9,"stat.pickup.minecraft.stone":1,"stat.pickup.thuttech.devicelinker":1,"stat.pickup.minecraft.nether_star":1,"stat.pickup.mw.makarovpm":1,"stat.sprintOneCm":40677,"stat.pickup.minecraft.paper":1,"stat.useItem.cfm.light_switch_off":9,"stat.killEntity.Skeleton":1,"stat.useItem.mw.wcam":4,"stat.killEntity.Horse":4,"stat.useItem.minecraft.flint_and_steel":61,"stat.killEntity.Spider":1,"stat.useItem.cdm.ethernet_cable":6,"stat.mobKills":128,"stat.drop.props.props":1,"stat.deaths":7,"stat.pickup.props.props":2,"stat.pickup.minecraft.iron_door":1,"stat.drop":11,"stat.playOneMinute":600981,"stat.pickup.cdm.flash_drive":3,"stat.killEntity.Sheep":11,"stat.entityKilledBy.Slime":2,"stat.sneakTime":8599,"stat.pickup.minecraft.slime_ball":13,"stat.useItem.chiselsandbits.tape_measure":2,"stat.killEntity.Zombie":39,"stat.pickup.cfm.tv_remote":1,"stat.pickup.cdm.paper":4,"stat.drop.vehicle.wrench":2}